FID,ID_ESTACIO_LINIA,CODI_ESTACIO_LINIA,ID_GRUP_ESTACIO,CODI_GRUP_ESTACIO,ID_ESTACIO,CODI_ESTACIO,NOM_ESTACIO,ORDRE_ESTACIO,ID_LINIA,CODI_LINIA,NOM_LINIA,ORDRE_LINIA,ID_TIPUS_SERVEI,DESC_SERVEI,ORIGEN_SERVEI,DESTI_SERVEI,ID_TIPUS_ACCESSIBILITAT,NOM_TIPUS_ACCESSIBILITAT,ID_TIPUS_ESTAT,NOM_TIPUS_ESTAT,DATA_INAUGURACIO,DATA,COLOR_LINIA,PICTO,PICTO_GRUP,GEOMETRY
ESTACIONS_LINIA.fid--64d2c1cd_17fdec435f4_43e3,167,111,111,6660111,81,111,Hospital de Bellvitge,1,4,1,L1,1,1,Hospital de Bellvitge - Fondo,Hospital de Bellvitge,Fondo,1,Accessible,1,Operatiu,1989-10-18,2022-03-31,CE1126,L1,L1,POINT (2.107241921905464 41.344677306491334)
ESTACIONS_LINIA.fid--64d2c1cd_17fdec435f4_43e4,119,112,112,6660112,33,112,Bellvitge,2,4,1,L1,1,1,Hospital de Bellvitge - Fondo,Hospital de Bellvitge,Fondo,1,Accessible,1,Operatiu,1989-10-18,2022-03-31,CE1126,L1,L1,POINT (2.1109169952642675 41.35097554129953)
ESTACIONS_LINIA.fid--64d2c1cd_17fdec435f4_43e5,120,113,113,6660113,34,113,Av. Carrilet,3,4,1,L1,1,1,Hospital de Bellvitge - Fondo,Hospital de Bellvitge,Fondo,1,Accessible,1,Operatiu,1987-04-24,2022-03-31,CE1126,L1,L1,POINT (2.102631528901838 41.35855331385863)
ESTACIONS_LINIA.fid--64d2c1cd_17fdec435f4_43e6,168,114,114,6660114,82,114,Rambla Just Oliveras,4,4,1,L1,1,1,Hospital de Bellvitge - Fondo,Hospital de Bellvitge,Fondo,1,Accessible,1,Operatiu,1987-04-24,2022-03-31,CE1126,L1,L1,POINT (2.0997493392175293 41.3640899130925)
ESTACIONS_LINIA.fid--64d2c1cd_17fdec435f4_43e7,121,115,115,6660115,35,115,Can Serra,5,4,1,L1,1,1,Hospital de Bellvitge - Fondo,Hospital de Bellvitge,Fondo,1,Accessible,1,Operatiu,1987-04-24,2022-03-31,CE1126,L1,L1,POINT (2.1027575190099883 41.367694011134795)
ESTACIONS_LINIA.fid--64d2c1cd_17fdec435f4_43e8,122,116,116,6660116,36,116,Florida,6,4,1,L1,1,1,Hospital de Bellvitge - Fondo,Hospital de Bellvitge,Fondo,1,Accessible,1,Operatiu,1987-04-24,2022-03-31,CE1126,L1,L1,POINT (2.1100273658989885 41.36831605180378)
ESTACIONS_LINIA.fid--64d2c1cd_17fdec435f4_43e9,169,117,117,6660117,83,117,Torrassa,7,4,1,L1,1,1,Hospital de Bellvitge - Fondo,Hospital de Bellvitge,Fondo,1,Accessible,1,Operatiu,1983-12-23,2022-03-31,CE1126,L1,L1L9SL10S,POINT (2.1165937852524435 41.36839566052364)
ESTACIONS_LINIA.fid--64d2c1cd_17fdec435f4_43ea,123,118,118,6660118,37,118,Santa Eulàlia,8,4,1,L1,1,1,Hospital de Bellvitge - Fondo,Hospital de Bellvitge,Fondo,1,Accessible,1,Operatiu,1983-12-23,2022-03-31,CE1126,L1,L1,POINT (2.1286172553621183 41.36881637467315)
ESTACIONS_LINIA.fid--64d2c1cd_17fdec435f4_43eb,205,119,119,6660119,128,119,Mercat Nou,9,4,1,L1,1,1,Hospital de Bellvitge - Fondo,Hospital de Bellvitge,Fondo,1,Accessible,1,Operatiu,1926-06-10,2022-03-31,CE1126,L1,L1,POINT (2.133535784694404 41.373002700088556)
ESTACIONS_LINIA.fid--64d2c1cd_17fdec435f4_43ec,201,120,120,6660120,124,120,Plaça de Sants,10,4,1,L1,1,1,Hospital de Bellvitge - Fondo,Hospital de Bellvitge,Fondo,3,No accessible,1,Operatiu,1926-06-10,2022-03-31,CE1126,L1,L1L5,POINT (2.1381539316094176 41.37535306523874)
ESTACIONS_LINIA.fid--64d2c1cd_17fdec435f4_43ed,96,121,121,6660121,10,121,Hostafrancs,11,4,1,L1,1,1,Hospital de Bellvitge - Fondo,Hospital de Bellvitge,Fondo,1,Accessible,1,Operatiu,1926-06-10,2022-03-31,CE1126,L1,L1,POINT (2.1432912673316498 41.37525362810128)
ESTACIONS_LINIA.fid--64d2c1cd_17fdec435f4_43ee,125,122,122,6660122,39,122,Espanya,12,4,1,L1,1,1,Hospital de Bellvitge - Fondo,Hospital de Bellvitge,Fondo,3,No accessible,1,Operatiu,1926-06-10,2022-03-31,CE1126,L1,L1L3,POINT (2.1493824969898103 41.37551004426985)
ESTACIONS_LINIA.fid--64d2c1cd_17fdec435f4_43ef,198,123,123,6660123,121,123,Rocafort,13,4,1,L1,1,1,Hospital de Bellvitge - Fondo,Hospital de Bellvitge,Fondo,1,Accessible,1,Operatiu,1926-06-10,2022-03-31,CE1126,L1,L1,POINT (2.154562483439547 41.37923215305268)
ESTACIONS_LINIA.fid--64d2c1cd_17fdec435f4_43f0,124,124,124,6660124,38,124,Urgell,14,4,1,L1,1,1,Hospital de Bellvitge - Fondo,Hospital de Bellvitge,Fondo,1,Accessible,1,Operatiu,1926-06-10,2022-03-31,CE1126,L1,L1,POINT (2.1588909108500465 41.38248740020102)
ESTACIONS_LINIA.fid--64d2c1cd_17fdec435f4_43f1,171,125,125,6660125,85,125,Universitat,15,4,1,L1,1,1,Hospital de Bellvitge - Fondo,Hospital de Bellvitge,Fondo,1,Accessible,1,Operatiu,1926-06-10,2022-03-31,CE1126,L1,L1L2,POINT (2.1642838555557415 41.385814896985046)
ESTACIONS_LINIA.fid--64d2c1cd_17fdec435f4_43f2,170,126,126,6660126,84,126,Catalunya,16,4,1,L1,1,1,Hospital de Bellvitge - Fondo,Hospital de Bellvitge,Fondo,1,Accessible,1,Operatiu,1926-06-10,2022-03-31,CE1126,L1,L1L3,POINT (2.168994603265247 41.38748942850508)
ESTACIONS_LINIA.fid--64d2c1cd_17fdec435f4_43f3,126,127,127,6660127,40,127,Urquinaona,17,4,1,L1,1,1,Hospital de Bellvitge - Fondo,Hospital de Bellvitge,Fondo,3,No accessible,1,Operatiu,1933-07-01,2022-03-31,CE1126,L1,L1L4,POINT (2.174566581524138 41.389636425102836)
ESTACIONS_LINIA.fid--64d2c1cd_17fdec435f4_43f4,209,128,128,6660128,134,128,Arc de Triomf,18,4,1,L1,1,1,Hospital de Bellvitge - Fondo,Hospital de Bellvitge,Fondo,1,Accessible,1,Operatiu,1933-07-01,2022-03-31,CE1126,L1,L1,POINT (2.181164673248104 41.392336659636584)
ESTACIONS_LINIA.fid--64d2c1cd_17fdec435f4_43f5,172,129,129,6660129,86,129,Marina,19,4,1,L1,1,1,Hospital de Bellvitge - Fondo,Hospital de Bellvitge,Fondo,1,Accessible,1,Operatiu,1933-04-01,2022-03-31,CE1126,L1,L1,POINT (2.1858010331425235 41.39472528791244)
ESTACIONS_LINIA.fid--64d2c1cd_17fdec435f4_43f6,127,130,130,6660130,41,130,Glòries,20,4,1,L1,1,1,Hospital de Bellvitge - Fondo,Hospital de Bellvitge,Fondo,1,Accessible,1,Operatiu,1951-06-23,2022-03-31,CE1126,L1,L1,POINT (2.187537470950601 41.4022772166665)
ESTACIONS_LINIA.fid--64d2c1cd_17fdec435f4_43f7,148,131,131,6660131,62,131,Clot,21,4,1,L1,1,1,Hospital de Bellvitge - Fondo,Hospital de Bellvitge,Fondo,3,No accessible,1,Operatiu,1951-06-23,2022-03-31,CE1126,L1,L1L2,POINT (2.1870027074695884 41.41016343442273)
ESTACIONS_LINIA.fid--64d2c1cd_17fdec435f4_43f8,130,132,132,6660132,44,132,Navas,22,4,1,L1,1,1,Hospital de Bellvitge - Fondo,Hospital de Bellvitge,Fondo,1,Accessible,1,Operatiu,1953-05-08,2022-03-31,CE1126,L1,L1,POINT (2.1870567842653172 41.41618670887784)
ESTACIONS_LINIA.fid--64d2c1cd_17fdec435f4_43f9,173,133,133,6660133,87,133,La Sagrera,23,4,1,L1,1,1,Hospital de Bellvitge - Fondo,Hospital de Bellvitge,Fondo,1,Accessible,1,Operatiu,1954-01-27,2022-03-31,CE1126,L1,L1L5L9NL10N,POINT (2.1869753319473184 41.42236876778433)
ESTACIONS_LINIA.fid--64d2c1cd_17fdec435f4_43fa,128,134,134,6660134,42,134,Fabra i Puig,24,4,1,L1,1,1,Hospital de Bellvitge - Fondo,Hospital de Bellvitge,Fondo,1,Accessible,1,Operatiu,1954-05-15,2022-03-31,CE1126,L1,L1,POINT (2.183661431503222 41.42963259534842)
ESTACIONS_LINIA.fid--64d2c1cd_17fdec435f4_43fb,174,135,135,6660135,88,135,Sant Andreu,25,4,1,L1,1,1,Hospital de Bellvitge - Fondo,Hospital de Bellvitge,Fondo,1,Accessible,1,Operatiu,1968-03-14,2022-03-31,CE1126,L1,L1,POINT (2.1911868908810366 41.43660044290323)
ESTACIONS_LINIA.fid--64d2c1cd_17fdec435f4_43fc,95,136,136,6660136,9,136,Torras i Bages,26,4,1,L1,1,1,Hospital de Bellvitge - Fondo,Hospital de Bellvitge,Fondo,1,Accessible,1,Operatiu,1968-03-14,2022-03-31,CE1126,L1,L1,POINT (2.190670630058029 41.44322471120022)
ESTACIONS_LINIA.fid--64d2c1cd_17fdec435f4_43fd,129,137,137,6660137,43,137,Trinitat Vella,27,4,1,L1,1,1,Hospital de Bellvitge - Fondo,Hospital de Bellvitge,Fondo,1,Accessible,1,Operatiu,1983-12-21,2022-03-31,CE1126,L1,L1,POINT (2.19383728111338 41.448956491210204)
ESTACIONS_LINIA.fid--64d2c1cd_17fdec435f4_43fe,175,138,138,6660138,89,138,Baró de Viver,28,4,1,L1,1,1,Hospital de Bellvitge - Fondo,Hospital de Bellvitge,Fondo,1,Accessible,1,Operatiu,1983-12-21,2022-03-31,CE1126,L1,L1,POINT (2.1995630177315273 41.449935998152824)
ESTACIONS_LINIA.fid--64d2c1cd_17fdec435f4_43ff,149,139,139,6660139,63,139,Santa Coloma,29,4,1,L1,1,1,Hospital de Bellvitge - Fondo,Hospital de Bellvitge,Fondo,1,Accessible,1,Operatiu,1983-12-21,2022-03-31,CE1126,L1,L1,POINT (2.2079694594622845 41.451067345464494)
ESTACIONS_LINIA.fid--64d2c1cd_17fdec435f4_4400,214,140,140,6660140,139,140,Fondo,30,4,1,L1,1,1,Hospital de Bellvitge - Fondo,Hospital de Bellvitge,Fondo,1,Accessible,1,Operatiu,1992-02-18,2022-03-31,CE1126,L1,L1L9N,POINT (2.2184351315232798 41.45158314986258)
ESTACIONS_LINIA.fid--64d2c1cd_17fdec435f4_4401,189,210,210,6660210,110,210,Paral·lel,1,6,2,L2,2,1,Paral·lel - Badalona Pompeu Fabra,Paral·lel,Badalona Pompeu Fabra,1,Accessible,1,Operatiu,1995-12-31,2022-03-31,93248F,L2,L2L3FM,POINT (2.169116794897992 41.37500406102914)
ESTACIONS_LINIA.fid--64d2c1cd_17fdec435f4_4402,206,211,211,6660211,131,211,Sant Antoni,2,6,2,L2,2,1,Paral·lel - Badalona Pompeu Fabra,Paral·lel,Badalona Pompeu Fabra,1,Accessible,1,Operatiu,1995-09-25,2022-03-31,93248F,L2,L2,POINT (2.1632411382555055 41.37983283932031)
ESTACIONS_LINIA.fid--64d2c1cd_17fdec435f4_4403,138,212,125,6660125,52,212,Universitat,3,6,2,L2,2,1,Paral·lel - Badalona Pompeu Fabra,Paral·lel,Badalona Pompeu Fabra,1,Accessible,1,Operatiu,1995-09-25,2022-03-31,93248F,L2,L1L2,POINT (2.163913361869796 41.38476754205573)
ESTACIONS_LINIA.fid--64d2c1cd_17fdec435f4_4404,190,213,213,6660213,111,213,Passeig de Gràcia,4,6,2,L2,2,1,Paral·lel - Badalona Pompeu Fabra,Paral·lel,Badalona Pompeu Fabra,1,Accessible,1,Operatiu,1995-09-25,2022-03-31,93248F,L2,L2L3L4,POINT (2.1682429227154443 41.389416186833074)
ESTACIONS_LINIA.fid--64d2c1cd_17fdec435f4_4405,139,214,214,6660214,53,214,Tetuan,5,6,2,L2,2,1,Paral·lel - Badalona Pompeu Fabra,Paral·lel,Badalona Pompeu Fabra,1,Accessible,1,Operatiu,1995-09-25,2022-03-31,93248F,L2,L2,POINT (2.175559181787991 41.394887450597096)
ESTACIONS_LINIA.fid--64d2c1cd_17fdec435f4_4406,140,215,215,6660215,54,215,Monumental,6,6,2,L2,2,1,Paral·lel - Badalona Pompeu Fabra,Paral·lel,Badalona Pompeu Fabra,1,Accessible,1,Operatiu,1995-09-25,2022-03-31,93248F,L2,L2,POINT (2.1794616714099684 41.40052374172786)
ESTACIONS_LINIA.fid--64d2c1cd_17fdec435f4_4407,150,216,216,6660216,64,216,Sagrada Família,7,6,2,L2,2,1,Paral·lel - Badalona Pompeu Fabra,Paral·lel,Badalona Pompeu Fabra,1,Accessible,1,Operatiu,1995-09-25,2022-03-31,93248F,L2,L2L5,POINT (2.1751061426382496 41.403985461635365)
ESTACIONS_LINIA.fid--64d2c1cd_17fdec435f4_4408,191,217,217,6660217,112,217,Encants,8,6,2,L2,2,1,Paral·lel - Badalona Pompeu Fabra,Paral·lel,Badalona Pompeu Fabra,1,Accessible,1,Operatiu,1997-09-20,2022-03-31,93248F,L2,L2,POINT (2.182700370252568 41.40723597843338)
ESTACIONS_LINIA.fid--64d2c1cd_17fdec435f4_4409,141,218,131,6660131,55,218,Clot,9,6,2,L2,2,1,Paral·lel - Badalona Pompeu Fabra,Paral·lel,Badalona Pompeu Fabra,1,Accessible,1,Operatiu,1997-09-20,2022-03-31,93248F,L2,L1L2,POINT (2.186834589944875 41.41035844850356)
ESTACIONS_LINIA.fid--64d2c1cd_17fdec435f4_440a,192,219,219,6660219,113,219,Bac de Roda,10,6,2,L2,2,1,Paral·lel - Badalona Pompeu Fabra,Paral·lel,Badalona Pompeu Fabra,1,Accessible,1,Operatiu,1997-09-20,2022-03-31,93248F,L2,L2,POINT (2.1955032531185723 41.41516206251577)
ESTACIONS_LINIA.fid--64d2c1cd_17fdec435f4_440b,142,220,220,6660220,56,220,Sant Martí,11,6,2,L2,2,1,Paral·lel - Badalona Pompeu Fabra,Paral·lel,Badalona Pompeu Fabra,1,Accessible,1,Operatiu,1997-09-20,2022-03-31,93248F,L2,L2,POINT (2.2007239139818875 41.419063621458996)
ESTACIONS_LINIA.fid--64d2c1cd_17fdec435f4_440c,143,221,221,6660221,57,221,La Pau,12,6,2,L2,2,1,Paral·lel - Badalona Pompeu Fabra,Paral·lel,Badalona Pompeu Fabra,1,Accessible,1,Operatiu,1997-09-20,2022-03-31,93248F,L2,L2L4,POINT (2.205608148173806 41.42403302510149)
ESTACIONS_LINIA.fid--64d2c1cd_17fdec435f4_440d,144,222,222,6660222,58,222,Verneda,13,6,2,L2,2,1,Paral·lel - Badalona Pompeu Fabra,Paral·lel,Badalona Pompeu Fabra,1,Accessible,1,Operatiu,1985-04-22,2022-03-31,93248F,L2,L2,POINT (2.209883422365895 41.43000446400387)
ESTACIONS_LINIA.fid--64d2c1cd_17fdec435f4_440e,211,223,223,6660223,136,223,Artigues | Sant Adrià,14,6,2,L2,2,1,Paral·lel - Badalona Pompeu Fabra,Paral·lel,Badalona Pompeu Fabra,1,Accessible,1,Operatiu,1985-04-22,2022-03-31,93248F,L2,L2,POINT (2.217771760065826 41.43384822541837)
ESTACIONS_LINIA.fid--64d2c1cd_17fdec435f4_440f,193,224,224,6660224,114,224,Sant Roc,15,6,2,L2,2,1,Paral·lel - Badalona Pompeu Fabra,Paral·lel,Badalona Pompeu Fabra,1,Accessible,1,Operatiu,1985-04-22,2022-03-31,93248F,L2,L2,POINT (2.22860617965681 41.43583082252647)
ESTACIONS_LINIA.fid--64d2c1cd_17fdec435f4_4410,145,225,225,6660225,59,225,Gorg,16,6,2,L2,2,1,Paral·lel - Badalona Pompeu Fabra,Paral·lel,Badalona Pompeu Fabra,1,Accessible,1,Operatiu,1985-04-22,2022-03-31,93248F,L2,L2L10N,POINT (2.2334409930935344 41.440237216720185)
ESTACIONS_LINIA.fid--64d2c1cd_17fdec435f4_4411,194,226,226,6660226,115,226,Pep Ventura,17,6,2,L2,2,1,Paral·lel - Badalona Pompeu Fabra,Paral·lel,Badalona Pompeu Fabra,1,Accessible,1,Operatiu,1985-04-22,2022-03-31,93248F,L2,L2,POINT (2.237959375095989 41.4439045741019)
ESTACIONS_LINIA.fid--64d2c1cd_17fdec435f4_4412,182,227,227,6660227,99,227,Badalona Pompeu Fabra,18,6,2,L2,2,1,Paral·lel - Badalona Pompeu Fabra,Paral·lel,Badalona Pompeu Fabra,1,Accessible,1,Operatiu,2010-07-11,2022-03-31,93248F,L2,L2,POINT (2.244096816044607 41.44905421071657)
ESTACIONS_LINIA.fid--64d2c1cd_17fdec435f4_4413,99,314,314,6660314,13,314,Zona Universitària,1,2,3,L3,3,1,Zona Universitària - Trinitat Nova,Zona Universitària,Trinitat Nova,1,Accessible,1,Operatiu,1975-01-20,2022-03-31,1EB53A,L3,L3L9S,POINT (2.1111785337331934 41.38411534410362)
ESTACIONS_LINIA.fid--64d2c1cd_17fdec435f4_4414,207,315,315,6660315,132,315,Palau Reial,2,2,3,L3,3,1,Zona Universitària - Trinitat Nova,Zona Universitària,Trinitat Nova,1,Accessible,1,Operatiu,1975-01-20,2022-03-31,1EB53A,L3,L3,POINT (2.118538181084618 41.385980056620134)
ESTACIONS_LINIA.fid--64d2c1cd_17fdec435f4_4415,91,316,316,6660316,5,316,Maria Cristina,3,2,3,L3,3,1,Zona Universitària - Trinitat Nova,Zona Universitària,Trinitat Nova,1,Accessible,1,Operatiu,1975-01-20,2022-03-31,1EB53A,L3,L3,POINT (2.125791232923749 41.38781569227959)
ESTACIONS_LINIA.fid--64d2c1cd_17fdec435f4_4416,93,317,317,6660317,7,317,Les Corts,4,2,3,L3,3,1,Zona Universitària - Trinitat Nova,Zona Universitària,Trinitat Nova,1,Accessible,1,Operatiu,1975-01-20,2022-03-31,1EB53A,L3,L3,POINT (2.1308710146162624 41.384119684361195)
ESTACIONS_LINIA.fid--64d2c1cd_17fdec435f4_4417,94,318,318,6660318,8,318,Plaça del Centre,5,2,3,L3,3,1,Zona Universitària - Trinitat Nova,Zona Universitària,Trinitat Nova,1,Accessible,1,Operatiu,1975-01-20,2022-03-31,1EB53A,L3,L3,POINT (2.1358837134051947 41.38192170670766)
ESTACIONS_LINIA.fid--64d2c1cd_17fdec435f4_4418,100,319,319,6660319,14,319,Sants Estació,6,2,3,L3,3,1,Zona Universitària - Trinitat Nova,Zona Universitària,Trinitat Nova,1,Accessible,1,Operatiu,1975-01-20,2022-03-31,1EB53A,L3,L3L5,POINT (2.140992260494352 41.38159824846632)
ESTACIONS_LINIA.fid--64d2c1cd_17fdec435f4_4419,153,320,320,6660320,67,320,Tarragona,7,2,3,L3,3,1,Zona Universitària - Trinitat Nova,Zona Universitària,Trinitat Nova,1,Accessible,1,Operatiu,1975-01-20,2022-03-31,1EB53A,L3,L3,POINT (2.1453357748823865 41.378493002424634)
ESTACIONS_LINIA.fid--64d2c1cd_17fdec435f4_441a,101,321,122,6660122,15,321,Espanya,8,2,3,L3,3,1,Zona Universitària - Trinitat Nova,Zona Universitària,Trinitat Nova,3,No accessible,1,Operatiu,1975-07-15,2022-03-31,1EB53A,L3,L1L3,POINT (2.151554638605345 41.37501825024238)
ESTACIONS_LINIA.fid--64d2c1cd_17fdec435f4_441b,106,322,322,6660322,20,322,Poble Sec,9,2,3,L3,3,1,Zona Universitària - Trinitat Nova,Zona Universitària,Trinitat Nova,1,Accessible,1,Operatiu,1975-07-15,2022-03-31,1EB53A,L3,L3,POINT (2.1602448223915327 41.374996204246344)
ESTACIONS_LINIA.fid--64d2c1cd_17fdec435f4_441c,108,323,210,6660210,22,323,Paral·lel,10,2,3,L3,3,1,Zona Universitària - Trinitat Nova,Zona Universitària,Trinitat Nova,1,Accessible,1,Operatiu,1970-06-17,2022-03-31,1EB53A,L3,L2L3FM,POINT (2.1691181337700103 41.374892188019956)
ESTACIONS_LINIA.fid--64d2c1cd_17fdec435f4_441d,154,324,324,6660324,68,324,Drassanes,11,2,3,L3,3,1,Zona Universitària - Trinitat Nova,Zona Universitària,Trinitat Nova,1,Accessible,1,Operatiu,1968-12-14,2022-03-31,1EB53A,L3,L3,POINT (2.1756641701931962 41.37653760970823)
ESTACIONS_LINIA.fid--64d2c1cd_17fdec435f4_441e,107,325,325,6660325,21,325,Liceu,12,2,3,L3,3,1,Zona Universitària - Trinitat Nova,Zona Universitària,Trinitat Nova,1,Accessible,1,Operatiu,1925-07-05,2022-03-31,1EB53A,L3,L3,POINT (2.1730302773575945 41.3814454250764)
ESTACIONS_LINIA.fid--64d2c1cd_17fdec435f4_441f,152,326,126,6660126,66,326,Catalunya,13,2,3,L3,3,1,Zona Universitària - Trinitat Nova,Zona Universitària,Trinitat Nova,1,Accessible,1,Operatiu,1924-12-30,2022-03-31,1EB53A,L3,L1L3,POINT (2.170091830786193 41.38632215668891)
ESTACIONS_LINIA.fid--64d2c1cd_17fdec435f4_4420,102,327,213,6660213,16,327,Passeig de Gràcia,14,2,3,L3,3,1,Zona Universitària - Trinitat Nova,Zona Universitària,Trinitat Nova,1,Accessible,1,Operatiu,1924-12-30,2022-03-31,1EB53A,L3,L2L3L4,POINT (2.16534697064377 41.39160315557566)
ESTACIONS_LINIA.fid--64d2c1cd_17fdec435f4_4421,199,328,328,6660328,122,328,Diagonal,15,2,3,L3,3,1,Zona Universitària - Trinitat Nova,Zona Universitària,Trinitat Nova,1,Accessible,1,Operatiu,1924-12-30,2022-03-31,1EB53A,L3,L3L5,POINT (2.160047462460906 41.39588794733583)
ESTACIONS_LINIA.fid--64d2c1cd_17fdec435f4_4422,155,329,329,6660329,69,329,Fontana,16,2,3,L3,3,1,Zona Universitària - Trinitat Nova,Zona Universitària,Trinitat Nova,1,Accessible,1,Operatiu,1925-05-31,2022-03-31,1EB53A,L3,L3,POINT (2.1530224404295164 41.40200887904024)
ESTACIONS_LINIA.fid--64d2c1cd_17fdec435f4_4423,196,330,330,6660330,119,330,Lesseps,17,2,3,L3,3,1,Zona Universitària - Trinitat Nova,Zona Universitària,Trinitat Nova,1,Accessible,1,Operatiu,1924-12-31,2022-03-31,1EB53A,L3,L3,POINT (2.1504071221317904 41.405738025515355)
ESTACIONS_LINIA.fid--64d2c1cd_17fdec435f4_4424,158,331,331,6660331,72,331,Vallcarca,18,2,3,L3,3,1,Zona Universitària - Trinitat Nova,Zona Universitària,Trinitat Nova,1,Accessible,1,Operatiu,1985-11-06,2022-03-31,1EB53A,L3,L3,POINT (2.144337309169914 41.411974951406016)
ESTACIONS_LINIA.fid--64d2c1cd_17fdec435f4_4425,109,332,332,6660332,23,332,Penitents,19,2,3,L3,3,1,Zona Universitària - Trinitat Nova,Zona Universitària,Trinitat Nova,1,Accessible,1,Operatiu,1985-11-06,2022-03-31,1EB53A,L3,L3,POINT (2.140971786114312 41.41827911730064)
ESTACIONS_LINIA.fid--64d2c1cd_17fdec435f4_4426,157,333,333,6660333,71,333,Vall d'Hebron,20,2,3,L3,3,1,Zona Universitària - Trinitat Nova,Zona Universitària,Trinitat Nova,1,Accessible,1,Operatiu,1985-11-06,2022-03-31,1EB53A,L3,L3L5,POINT (2.1425645984456283 41.425282662715574)
ESTACIONS_LINIA.fid--64d2c1cd_17fdec435f4_4427,204,334,334,6660334,127,334,Montbau,21,2,3,L3,3,1,Zona Universitària - Trinitat Nova,Zona Universitària,Trinitat Nova,1,Accessible,1,Operatiu,1985-11-06,2022-03-31,1EB53A,L3,L3,POINT (2.145039277808795 41.43062015567553)
ESTACIONS_LINIA.fid--64d2c1cd_17fdec435f4_4428,103,335,335,6660335,17,335,Mundet,22,2,3,L3,3,1,Zona Universitària - Trinitat Nova,Zona Universitària,Trinitat Nova,1,Accessible,1,Operatiu,2001-09-21,2022-03-31,1EB53A,L3,L3,POINT (2.1484718023518736 41.435645266968535)
ESTACIONS_LINIA.fid--64d2c1cd_17fdec435f4_4429,212,336,336,6660336,137,336,Valldaura,23,2,3,L3,3,1,Zona Universitària - Trinitat Nova,Zona Universitària,Trinitat Nova,1,Accessible,1,Operatiu,2001-09-21,2022-03-31,1EB53A,L3,L3,POINT (2.1568778304495613 41.437996077035756)
ESTACIONS_LINIA.fid--64d2c1cd_17fdec435f4_442a,104,337,337,6660337,18,337,Canyelles,24,2,3,L3,3,1,Zona Universitària - Trinitat Nova,Zona Universitària,Trinitat Nova,1,Accessible,1,Operatiu,2001-09-21,2022-03-31,1EB53A,L3,L3,POINT (2.166387551719736 41.44175372856857)
ESTACIONS_LINIA.fid--64d2c1cd_17fdec435f4_442b,156,338,338,6660338,70,338,Roquetes,25,2,3,L3,3,1,Zona Universitària - Trinitat Nova,Zona Universitària,Trinitat Nova,1,Accessible,1,Operatiu,2008-10-04,2022-03-31,1EB53A,L3,L3,POINT (2.1760976903706806 41.44766967770127)
ESTACIONS_LINIA.fid--64d2c1cd_17fdec435f4_442c,105,339,339,6660339,19,339,Trinitat Nova,26,2,3,L3,3,1,Zona Universitària - Trinitat Nova,Zona Universitària,Trinitat Nova,1,Accessible,1,Operatiu,2008-10-04,2022-03-31,1EB53A,L3,L3L4L11,POINT (2.1840971350134772 41.44950031842506)
ESTACIONS_LINIA.fid--64d2c1cd_17fdec435f4_442d,187,413,221,6660221,108,413,La Pau,1,5,4,L4,4,1,La Pau - Trinitat Nova,La Pau,Trinitat Nova,1,Accessible,1,Operatiu,1982-10-15,2022-03-31,F7A30E,L4,L2L4,POINT (2.2051936070946385 41.423677990064625)
ESTACIONS_LINIA.fid--64d2c1cd_17fdec435f4_442e,176,414,414,6660414,90,414,Besòs,2,5,4,L4,4,1,La Pau - Trinitat Nova,La Pau,Trinitat Nova,1,Accessible,1,Operatiu,1982-10-15,2022-03-31,F7A30E,L4,L4,POINT (2.210231432719594 41.419901283124716)
ESTACIONS_LINIA.fid--64d2c1cd_17fdec435f4_442f,197,415,415,6660415,120,415,Besòs Mar,3,5,4,L4,4,1,La Pau - Trinitat Nova,La Pau,Trinitat Nova,1,Accessible,1,Operatiu,1982-10-15,2022-03-31,F7A30E,L4,L4,POINT (2.216081591411872 41.415098995619424)
ESTACIONS_LINIA.fid--64d2c1cd_17fdec435f4_4430,131,416,416,6660416,45,416,El Maresme | Fòrum,4,5,4,L4,4,1,La Pau - Trinitat Nova,La Pau,Trinitat Nova,1,Accessible,1,Operatiu,2003-09-02,2022-03-31,F7A30E,L4,L4,POINT (2.2166919446941318 41.41177980668214)
ESTACIONS_LINIA.fid--64d2c1cd_17fdec435f4_4431,177,417,417,6660417,91,417,Selva de Mar,5,5,4,L4,4,1,La Pau - Trinitat Nova,La Pau,Trinitat Nova,1,Accessible,1,Operatiu,1977-10-07,2022-03-31,F7A30E,L4,L4,POINT (2.209122498871073 41.40800151156723)
ESTACIONS_LINIA.fid--64d2c1cd_17fdec435f4_4432,136,418,418,6660418,50,418,Poblenou,6,5,4,L4,4,1,La Pau - Trinitat Nova,La Pau,Trinitat Nova,1,Accessible,1,Operatiu,1977-10-07,2022-03-31,F7A30E,L4,L4,POINT (2.2033712341158838 41.40371611757544)
ESTACIONS_LINIA.fid--64d2c1cd_17fdec435f4_4433,132,419,419,6660419,46,419,Llacuna,7,5,4,L4,4,1,La Pau - Trinitat Nova,La Pau,Trinitat Nova,1,Accessible,1,Operatiu,1977-10-07,2022-03-31,F7A30E,L4,L4,POINT (2.197711708647738 41.39942503860002)
ESTACIONS_LINIA.fid--64d2c1cd_17fdec435f4_4434,178,420,420,6660420,92,420,Bogatell,8,5,4,L4,4,1,La Pau - Trinitat Nova,La Pau,Trinitat Nova,1,Accessible,1,Operatiu,1977-10-07,2022-03-31,F7A30E,L4,L4,POINT (2.192012401533471 41.395107503840855)
ESTACIONS_LINIA.fid--64d2c1cd_17fdec435f4_4435,215,421,421,6660421,141,421,Ciutadella | Vila Olímpica,9,5,4,L4,4,1,La Pau - Trinitat Nova,La Pau,Trinitat Nova,3,No accessible,1,Operatiu,1977-10-07,2022-03-31,F7A30E,L4,L4,POINT (2.1929907067808103 41.38668673570774)
ESTACIONS_LINIA.fid--64d2c1cd_17fdec435f4_4436,133,422,422,6660422,47,422,Barceloneta,10,5,4,L4,4,1,La Pau - Trinitat Nova,La Pau,Trinitat Nova,1,Accessible,1,Operatiu,1976-03-15,2022-03-31,F7A30E,L4,L4,POINT (2.184786783641099 41.381810977055316)
ESTACIONS_LINIA.fid--64d2c1cd_17fdec435f4_4437,179,423,423,6660423,93,423,Jaume I,11,5,4,L4,4,1,La Pau - Trinitat Nova,La Pau,Trinitat Nova,1,Accessible,1,Operatiu,1924-12-30,2022-03-31,F7A30E,L4,L4,POINT (2.178531464537553 41.384126274544364)
ESTACIONS_LINIA.fid--64d2c1cd_17fdec435f4_4438,180,424,127,6660127,94,424,Urquinaona,12,5,4,L4,4,1,La Pau - Trinitat Nova,La Pau,Trinitat Nova,3,No accessible,1,Operatiu,1924-12-30,2022-03-31,F7A30E,L4,L1L4,POINT (2.1734447176875715 41.387960590591376)
ESTACIONS_LINIA.fid--64d2c1cd_17fdec435f4_4439,89,425,213,6660213,3,425,Passeig de Gràcia,13,5,4,L4,4,1,La Pau - Trinitat Nova,La Pau,Trinitat Nova,1,Accessible,1,Operatiu,1973-02-05,2022-03-31,F7A30E,L4,L2L3L4,POINT (2.167846312978762 41.390057124825155)
ESTACIONS_LINIA.fid--64d2c1cd_17fdec435f4_443a,134,426,426,6660426,48,426,Girona,14,5,4,L4,4,1,La Pau - Trinitat Nova,La Pau,Trinitat Nova,1,Accessible,1,Operatiu,1973-02-05,2022-03-31,F7A30E,L4,L4,POINT (2.17082483204024 41.394920347488814)
ESTACIONS_LINIA.fid--64d2c1cd_17fdec435f4_443b,137,427,427,6660427,51,427,Verdaguer,15,5,4,L4,4,1,La Pau - Trinitat Nova,La Pau,Trinitat Nova,3,No accessible,1,Operatiu,1973-02-05,2022-03-31,F7A30E,L4,L4L5,POINT (2.1680600158861147 41.400364953509836)
ESTACIONS_LINIA.fid--64d2c1cd_17fdec435f4_443c,135,428,428,6660428,49,428,Joanic,16,5,4,L4,4,1,La Pau - Trinitat Nova,La Pau,Trinitat Nova,1,Accessible,1,Operatiu,1973-02-05,2022-03-31,F7A30E,L4,L4,POINT (2.16322502517123 41.40642689565163)
ESTACIONS_LINIA.fid--64d2c1cd_17fdec435f4_443d,181,429,429,6660429,95,429,Alfons X,17,5,4,L4,4,1,La Pau - Trinitat Nova,La Pau,Trinitat Nova,1,Accessible,1,Operatiu,1974-05-16,2022-03-31,F7A30E,L4,L4,POINT (2.166382317620576 41.41237708360561)
ESTACIONS_LINIA.fid--64d2c1cd_17fdec435f4_443e,202,430,430,6660430,125,430,Guinardó | Hospital de Sant Pau,18,5,4,L4,4,1,La Pau - Trinitat Nova,La Pau,Trinitat Nova,1,Accessible,1,Operatiu,1974-05-16,2022-03-31,F7A30E,L4,L4,POINT (2.1739890445261802 41.415962196795135)
ESTACIONS_LINIA.fid--64d2c1cd_17fdec435f4_443f,90,431,431,6660431,4,431,Maragall,19,5,4,L4,4,1,La Pau - Trinitat Nova,La Pau,Trinitat Nova,3,No accessible,1,Operatiu,1982-04-19,2022-03-31,F7A30E,L4,L4L5,POINT (2.1773969166751077 41.42310447161922)
ESTACIONS_LINIA.fid--64d2c1cd_17fdec435f4_4440,186,432,432,6660432,107,432,Llucmajor,20,5,4,L4,4,1,La Pau - Trinitat Nova,La Pau,Trinitat Nova,1,Accessible,1,Operatiu,1982-04-19,2022-03-31,F7A30E,L4,L4,POINT (2.173343398047292 41.43698464869135)
ESTACIONS_LINIA.fid--64d2c1cd_17fdec435f4_4441,210,433,433,6660433,135,433,Via Júlia,21,5,4,L4,4,1,La Pau - Trinitat Nova,La Pau,Trinitat Nova,1,Accessible,1,Operatiu,1982-04-19,2022-03-31,F7A30E,L4,L4,POINT (2.178549960776955 41.443730234715765)
ESTACIONS_LINIA.fid--64d2c1cd_17fdec435f4_4442,188,434,339,6660339,109,434,Trinitat Nova,22,5,4,L4,4,1,La Pau - Trinitat Nova,La Pau,Trinitat Nova,1,Accessible,1,Operatiu,1999-04-20,2022-03-31,F7A30E,L4,L3L4L11,POINT (2.182434320995176 41.44915619300977)
ESTACIONS_LINIA.fid--64d2c1cd_17fdec435f4_4443,512,509,509,6660509,24,509,Cornellà Centre,1,3,5,L5,5,1,Cornellà Centre - Vall d'Hebron,Cornellà Centre,Vall d'Hebron,1,Accessible,1,Operatiu,1983-12-23,2022-03-31,005A97,L5,L5,POINT (2.0704280856264488 41.35728982068586)
ESTACIONS_LINIA.fid--64d2c1cd_17fdec435f4_4444,513,510,510,6660510,73,510,Gavarra,2,3,5,L5,5,1,Cornellà Centre - Vall d'Hebron,Cornellà Centre,Vall d'Hebron,1,Accessible,1,Operatiu,1983-12-23,2022-03-31,005A97,L5,L5,POINT (2.0792687248839616 41.35799331639214)
ESTACIONS_LINIA.fid--64d2c1cd_17fdec435f4_4445,514,511,511,6660511,123,511,Sant Ildefons,3,3,5,L5,5,1,Cornellà Centre - Vall d'Hebron,Cornellà Centre,Vall d'Hebron,1,Accessible,1,Operatiu,1976-11-23,2022-03-31,005A97,L5,L5,POINT (2.084392786677159 41.363381080148336)
ESTACIONS_LINIA.fid--64d2c1cd_17fdec435f4_4446,515,512,512,6660512,74,512,Can Boixeres,4,3,5,L5,5,1,Cornellà Centre - Vall d'Hebron,Cornellà Centre,Vall d'Hebron,1,Accessible,1,Operatiu,1976-11-23,2022-03-31,005A97,L5,L5,POINT (2.0915060884648176 41.366570750436026)
ESTACIONS_LINIA.fid--64d2c1cd_17fdec435f4_4447,516,513,513,6660513,25,513,Can Vidalet,5,3,5,L5,5,1,Cornellà Centre - Vall d'Hebron,Cornellà Centre,Vall d'Hebron,1,Accessible,1,Operatiu,1976-11-23,2022-03-31,005A97,L5,L5,POINT (2.099445030163751 41.37127879519907)
ESTACIONS_LINIA.fid--64d2c1cd_17fdec435f4_4448,517,514,514,6660514,75,514,Pubilla Cases,6,3,5,L5,5,1,Cornellà Centre - Vall d'Hebron,Cornellà Centre,Vall d'Hebron,1,Accessible,1,Operatiu,1973-02-05,2022-03-31,005A97,L5,L5,POINT (2.1072090599014683 41.373837586750604)
ESTACIONS_LINIA.fid--64d2c1cd_17fdec435f4_4449,518,555,555,6660555,376,555,Ernest Lluch,7,3,5,L5,5,1,Cornellà Centre - Vall d'Hebron,Cornellà Centre,Vall d'Hebron,1,Accessible,1,Operatiu,2021-07-25,2022-03-31,005A97,L5,L5,POINT (2.1115741412575284 41.37590680320786)
ESTACIONS_LINIA.fid--64d2c1cd_17fdec435f4_444a,519,515,515,6660515,26,515,Collblanc,8,3,5,L5,5,1,Cornellà Centre - Vall d'Hebron,Cornellà Centre,Vall d'Hebron,1,Accessible,1,Operatiu,1969-11-30,2022-03-31,005A97,L5,L5L9SL10S,POINT (2.1191953172967666 41.375743502145035)
ESTACIONS_LINIA.fid--64d2c1cd_17fdec435f4_444b,520,516,516,6660516,76,516,Badal,9,3,5,L5,5,1,Cornellà Centre - Vall d'Hebron,Cornellà Centre,Vall d'Hebron,1,Accessible,1,Operatiu,1969-11-30,2022-03-31,005A97,L5,L5,POINT (2.127402112543491 41.37558063118747)
ESTACIONS_LINIA.fid--64d2c1cd_17fdec435f4_444c,521,517,120,6660120,6,517,Plaça de Sants,10,3,5,L5,5,1,Cornellà Centre - Vall d'Hebron,Cornellà Centre,Vall d'Hebron,3,No accessible,1,Operatiu,1969-11-30,2022-03-31,005A97,L5,L1L5,POINT (2.135158937983289 41.37572752856528)
ESTACIONS_LINIA.fid--64d2c1cd_17fdec435f4_444d,522,518,319,6660319,77,518,Sants Estació,11,3,5,L5,5,1,Cornellà Centre - Vall d'Hebron,Cornellà Centre,Vall d'Hebron,1,Accessible,1,Operatiu,1969-11-30,2022-03-31,005A97,L5,L3L5,POINT (2.1403981311104614 41.37995553561423)
ESTACIONS_LINIA.fid--64d2c1cd_17fdec435f4_444e,523,519,519,6660519,27,519,Entença,12,3,5,L5,5,1,Cornellà Centre - Vall d'Hebron,Cornellà Centre,Vall d'Hebron,1,Accessible,1,Operatiu,1969-11-30,2022-03-31,005A97,L5,L5,POINT (2.145618590090013 41.38446685535986)
ESTACIONS_LINIA.fid--64d2c1cd_17fdec435f4_444f,524,520,520,6660520,118,520,Hospital Clínic,13,3,5,L5,5,1,Cornellà Centre - Vall d'Hebron,Cornellà Centre,Vall d'Hebron,1,Accessible,1,Operatiu,1969-11-30,2022-03-31,005A97,L5,L5,POINT (2.151081070999777 41.388607764469285)
ESTACIONS_LINIA.fid--64d2c1cd_17fdec435f4_4450,525,521,328,6660328,28,521,Diagonal,14,3,5,L5,5,1,Cornellà Centre - Vall d'Hebron,Cornellà Centre,Vall d'Hebron,1,Accessible,1,Operatiu,1969-11-30,2022-03-31,005A97,L5,L3L5,POINT (2.1588295194120284 41.394434621954986)
ESTACIONS_LINIA.fid--64d2c1cd_17fdec435f4_4451,526,522,427,6660427,78,522,Verdaguer,15,3,5,L5,5,1,Cornellà Centre - Vall d'Hebron,Cornellà Centre,Vall d'Hebron,3,No accessible,1,Operatiu,1970-06-26,2022-03-31,005A97,L5,L4L5,POINT (2.167089429705316 41.398951748826605)
ESTACIONS_LINIA.fid--64d2c1cd_17fdec435f4_4452,527,523,216,6660216,29,523,Sagrada Família,16,3,5,L5,5,1,Cornellà Centre - Vall d'Hebron,Cornellà Centre,Vall d'Hebron,1,Accessible,1,Operatiu,1970-06-26,2022-03-31,005A97,L5,L2L5,POINT (2.1736176718394042 41.40383491161462)
ESTACIONS_LINIA.fid--64d2c1cd_17fdec435f4_4453,528,524,524,6660524,61,524,Sant Pau | Dos de Maig,17,3,5,L5,5,1,Cornellà Centre - Vall d'Hebron,Cornellà Centre,Vall d'Hebron,1,Accessible,1,Operatiu,1970-06-26,2022-03-31,005A97,L5,L5,POINT (2.1760160280003675 41.41075327997014)
ESTACIONS_LINIA.fid--64d2c1cd_17fdec435f4_4454,529,525,525,6660525,79,525,Camp de l'Arpa,18,3,5,L5,5,1,Cornellà Centre - Vall d'Hebron,Cornellà Centre,Vall d'Hebron,1,Accessible,1,Operatiu,1970-06-26,2022-03-31,005A97,L5,L5,POINT (2.181497212109148 41.41505960638405)
ESTACIONS_LINIA.fid--64d2c1cd_17fdec435f4_4455,530,526,133,6660133,133,526,La Sagrera,19,3,5,L5,5,1,Cornellà Centre - Vall d'Hebron,Cornellà Centre,Vall d'Hebron,1,Accessible,1,Operatiu,1959-07-21,2022-03-31,005A97,L5,L1L5L9NL10N,POINT (2.1865821259707423 41.421296371102905)
ESTACIONS_LINIA.fid--64d2c1cd_17fdec435f4_4456,531,527,527,6660527,138,527,Congrés,20,3,5,L5,5,1,Cornellà Centre - Vall d'Hebron,Cornellà Centre,Vall d'Hebron,1,Accessible,1,Operatiu,1959-07-21,2022-03-31,005A97,L5,L5,POINT (2.181186224264109 41.42344042865811)
ESTACIONS_LINIA.fid--64d2c1cd_17fdec435f4_4457,532,528,431,6660431,30,528,Maragall,21,3,5,L5,5,1,Cornellà Centre - Vall d'Hebron,Cornellà Centre,Vall d'Hebron,3,No accessible,1,Operatiu,1959-07-21,2022-03-31,005A97,L5,L4L5,POINT (2.1764850046506017 41.425045349513496)
ESTACIONS_LINIA.fid--64d2c1cd_17fdec435f4_4458,533,529,529,6660529,80,529,Virrei Amat,22,3,5,L5,5,1,Cornellà Centre - Vall d'Hebron,Cornellà Centre,Vall d'Hebron,3,No accessible,1,Operatiu,1959-07-21,2022-03-31,005A97,L5,L5,POINT (2.174913058009734 41.42970333896579)
ESTACIONS_LINIA.fid--64d2c1cd_17fdec435f4_4459,534,530,530,6660530,31,530,Vilapicina,23,3,5,L5,5,1,Cornellà Centre - Vall d'Hebron,Cornellà Centre,Vall d'Hebron,1,Accessible,1,Operatiu,1959-07-21,2022-03-31,005A97,L5,L5,POINT (2.167619083986825 41.430465066864016)
ESTACIONS_LINIA.fid--64d2c1cd_17fdec435f4_445a,535,531,531,6660531,32,531,Horta,24,3,5,L5,5,1,Cornellà Centre - Vall d'Hebron,Cornellà Centre,Vall d'Hebron,1,Accessible,1,Operatiu,1967-10-05,2022-03-31,005A97,L5,L5,POINT (2.159974396439855 41.429692524411095)
ESTACIONS_LINIA.fid--64d2c1cd_17fdec435f4_445b,536,532,532,6660532,100,532,El Carmel,25,3,5,L5,5,1,Cornellà Centre - Vall d'Hebron,Cornellà Centre,Vall d'Hebron,1,Accessible,1,Operatiu,2010-07-30,2022-03-31,005A97,L5,L5,POINT (2.1550989391746174 41.424449773703074)
ESTACIONS_LINIA.fid--64d2c1cd_17fdec435f4_445c,537,533,533,6660533,101,533,El Coll | La Teixonera,26,3,5,L5,5,1,Cornellà Centre - Vall d'Hebron,Cornellà Centre,Vall d'Hebron,1,Accessible,1,Operatiu,2010-07-30,2022-03-31,005A97,L5,L5,POINT (2.1483484951724954 41.4219971367312)
ESTACIONS_LINIA.fid--64d2c1cd_17fdec435f4_445d,538,534,333,6660333,102,534,Vall d'Hebron,27,3,5,L5,5,1,Cornellà Centre - Vall d'Hebron,Cornellà Centre,Vall d'Hebron,1,Accessible,1,Operatiu,2010-07-30,2022-03-31,005A97,L5,L3L5,POINT (2.1423559823685125 41.4249931495389)
ESTACIONS_LINIA.fid--64d2c1cd_17fdec435f4_445e,35,9430,133,6660133,117,930,La Sagrera,1,10,94,L9N,10,1,La Sagrera - Can Zam,La Sagrera,Can Zam,1,Accessible,1,Operatiu,2010-06-26,2022-03-31,FB712B,L9NL10N,L1L5L9NL10N,POINT (2.186723178122834 41.42049390964819)
ESTACIONS_LINIA.fid--64d2c1cd_17fdec435f4_445f,32,9432,932,6660932,103,932,Onze de Setembre,2,10,94,L9N,10,1,La Sagrera - Can Zam,La Sagrera,Can Zam,1,Accessible,1,Operatiu,2010-06-26,2022-03-31,FB712B,L9NL10N,L9NL10N,POINT (2.193564024441589 41.429558827612226)
ESTACIONS_LINIA.fid--64d2c1cd_17fdec435f4_4460,33,9433,933,6660933,104,933,Bon Pastor,3,10,94,L9N,10,1,La Sagrera - Can Zam,La Sagrera,Can Zam,1,Accessible,1,Operatiu,2010-04-18,2022-03-31,FB712B,L9NL10N,L9NL10N,POINT (2.2052943593324428 41.43620276671675)
ESTACIONS_LINIA.fid--64d2c1cd_17fdec435f4_4461,29,9440,940,6660940,96,940,Can Peixauet,4,10,94,L9N,10,1,La Sagrera - Can Zam,La Sagrera,Can Zam,1,Accessible,1,Operatiu,2009-12-13,2022-03-31,FB712B,L9N,L9N,POINT (2.2100273277790428 41.44398590815181)
ESTACIONS_LINIA.fid--64d2c1cd_17fdec435f4_4462,34,9441,941,6660941,116,941,Santa Rosa,5,10,94,L9N,10,1,La Sagrera - Can Zam,La Sagrera,Can Zam,1,Accessible,1,Operatiu,2011-09-19,2022-03-31,FB712B,L9N,L9N,POINT (2.2158089802865106 41.44685031178436)
ESTACIONS_LINIA.fid--64d2c1cd_17fdec435f4_4463,36,9442,140,6660140,129,942,Fondo,6,10,94,L9N,10,1,La Sagrera - Can Zam,La Sagrera,Can Zam,1,Accessible,1,Operatiu,2009-12-13,2022-03-31,FB712B,L9N,L1L9N,POINT (2.218485278203989 41.45187612388619)
ESTACIONS_LINIA.fid--64d2c1cd_17fdec435f4_4464,37,9443,943,6660943,140,943,Església Major,7,10,94,L9N,10,1,La Sagrera - Can Zam,La Sagrera,Can Zam,1,Accessible,1,Operatiu,2009-12-13,2022-03-31,FB712B,L9N,L9N,POINT (2.212176867433306 41.454797043178395)
ESTACIONS_LINIA.fid--64d2c1cd_17fdec435f4_4465,31,9444,944,6660944,98,944,Singuerlín,8,10,94,L9N,10,1,La Sagrera - Can Zam,La Sagrera,Can Zam,1,Accessible,1,Operatiu,2009-12-13,2022-03-31,FB712B,L9N,L9N,POINT (2.2054288460907183 41.45941351575915)
ESTACIONS_LINIA.fid--64d2c1cd_17fdec435f4_4466,30,9445,945,6660945,97,945,Can Zam,9,10,94,L9N,10,1,La Sagrera - Can Zam,La Sagrera,Can Zam,1,Accessible,1,Operatiu,2009-12-13,2022-03-31,FB712B,L9N,L9N,POINT (2.1985694162738683 41.456666111515304)
ESTACIONS_LINIA.fid--64d2c1cd_17fdec435f4_4467,1,9101,901,6660901,313,901,Aeroport T1,1,12,91,L9S,11,1,Aeroport T1 - Zona Universitaria,Aeroport T1,Zona Universitària,1,Accessible,1,Operatiu,2016-02-13,2022-03-31,FB712B,L9S,L9S,POINT (2.07115199121738 41.28829483589318)
ESTACIONS_LINIA.fid--64d2c1cd_17fdec435f4_4468,3,9103,903,6660903,315,903,Aeroport T2,2,12,91,L9S,11,1,Aeroport T1 - Zona Universitaria,Aeroport T1,Zona Universitària,1,Accessible,1,Operatiu,2016-02-13,2022-03-31,FB712B,L9S,L9S,POINT (2.0731133341366688 41.30382333421845)
ESTACIONS_LINIA.fid--64d2c1cd_17fdec435f4_4469,4,9104,904,6660904,316,904,Mas Blau,3,12,91,L9S,11,1,Aeroport T1 - Zona Universitaria,Aeroport T1,Zona Universitària,1,Accessible,1,Operatiu,2016-02-13,2022-03-31,FB712B,L9S,L9S,POINT (2.0734710574676423 41.311225361691974)
ESTACIONS_LINIA.fid--64d2c1cd_17fdec435f4_446a,5,9105,905,6660905,317,905,Parc Nou,4,12,91,L9S,11,1,Aeroport T1 - Zona Universitaria,Aeroport T1,Zona Universitària,1,Accessible,1,Operatiu,2016-02-13,2022-03-31,FB712B,L9S,L9S,POINT (2.0879294280214027 41.316628454057685)
ESTACIONS_LINIA.fid--64d2c1cd_17fdec435f4_446b,6,9106,906,6660906,318,906,Cèntric,5,12,91,L9S,11,1,Aeroport T1 - Zona Universitaria,Aeroport T1,Zona Universitària,1,Accessible,1,Operatiu,2016-02-13,2022-03-31,FB712B,L9S,L9S,POINT (2.0934632422362887 41.322250016313035)
ESTACIONS_LINIA.fid--64d2c1cd_17fdec435f4_446c,7,9107,907,6660907,319,907,El Prat Estació,6,12,91,L9S,11,1,Aeroport T1 - Zona Universitaria,Aeroport T1,Zona Universitària,1,Accessible,1,Operatiu,2016-02-13,2022-03-31,FB712B,L9S,L9S,POINT (2.0899271044508416 41.33199264221667)
ESTACIONS_LINIA.fid--64d2c1cd_17fdec435f4_446d,9,9109,909,6660909,321,909,Les Moreres,7,12,91,L9S,11,1,Aeroport T1 - Zona Universitaria,Aeroport T1,Zona Universitària,1,Accessible,1,Operatiu,2016-02-13,2022-03-31,FB712B,L9S,L9S,POINT (2.103073086929979 41.329118641471766)
ESTACIONS_LINIA.fid--64d2c1cd_17fdec435f4_446e,10,9110,910,6660910,322,910,Mercabarna,8,12,91,L9S,11,1,Aeroport T1 - Zona Universitaria,Aeroport T1,Zona Universitària,1,Accessible,1,Operatiu,2016-02-13,2022-03-31,FB712B,L9S,L9S,POINT (2.1112537335089394 41.33348460371202)
ESTACIONS_LINIA.fid--64d2c1cd_17fdec435f4_446f,11,9111,911,6660911,323,911,Parc Logístic,9,12,91,L9S,11,1,Aeroport T1 - Zona Universitaria,Aeroport T1,Zona Universitària,1,Accessible,1,Operatiu,2016-02-13,2022-03-31,FB712B,L9S,L9S,POINT (2.127401250786491 41.341663546077285)
ESTACIONS_LINIA.fid--64d2c1cd_17fdec435f4_4470,12,9112,912,6660912,324,912,Fira,10,12,91,L9S,11,1,Aeroport T1 - Zona Universitaria,Aeroport T1,Zona Universitària,1,Accessible,1,Operatiu,2016-02-13,2022-03-31,FB712B,L9S,L9S,POINT (2.130451504489052 41.35198805477054)
ESTACIONS_LINIA.fid--64d2c1cd_17fdec435f4_4471,13,9113,913,6660913,325,913,Europa | Fira,11,12,91,L9S,11,1,Aeroport T1 - Zona Universitaria,Aeroport T1,Zona Universitària,1,Accessible,1,Operatiu,2016-02-13,2022-03-31,FB712B,L9S,L9S,POINT (2.1259237814712875 41.35756042682608)
ESTACIONS_LINIA.fid--64d2c1cd_17fdec435f4_4472,14,9114,914,6660914,326,914,Can Tries | Gornal,12,12,91,L9S,11,1,Aeroport T1 - Zona Universitaria,Aeroport T1,Zona Universitària,1,Accessible,1,Operatiu,2016-02-13,2022-03-31,FB712B,L9SL10S,L9SL10S,POINT (2.117992580878504 41.36089363267124)
ESTACIONS_LINIA.fid--64d2c1cd_17fdec435f4_4473,16,9115,117,6660117,328,915,Torrassa,13,12,91,L9S,11,1,Aeroport T1 - Zona Universitaria,Aeroport T1,Zona Universitària,1,Accessible,1,Operatiu,2016-02-13,2022-03-31,FB712B,L9SL10S,L1L9SL10S,POINT (2.115756109944362 41.36822261856938)
ESTACIONS_LINIA.fid--64d2c1cd_17fdec435f4_4474,17,9116,515,6660515,329,916,Collblanc,14,12,91,L9S,11,1,Aeroport T1 - Zona Universitaria,Aeroport T1,Zona Universitària,1,Accessible,1,Operatiu,2016-02-13,2022-03-31,FB712B,L9SL10S,L5L9SL10S,POINT (2.11839717448588 41.37605647512773)
ESTACIONS_LINIA.fid--64d2c1cd_17fdec435f4_4475,18,9118,314,6660314,330,918,Zona Universitària,15,12,91,L9S,11,1,Aeroport T1 - Zona Universitaria,Aeroport T1,Zona Universitària,1,Accessible,1,Operatiu,2016-02-13,2022-03-31,FB712B,L9S,L3L9S,POINT (2.1116207999610843 41.38374174422256)
ESTACIONS_LINIA.fid--64d2c1cd_17fdec435f4_4476,335,10430,133,6660133,117,930,La Sagrera,1,11,104,L10N,13,1,La Sagrera - Gorg,La Sagrera,Gorg,1,Accessible,2,Planificat,2010-06-26,2022-03-31,00A6D6,L9NL10N,L1L5L9NL10N,POINT (2.186723178122834 41.42049390964819)
ESTACIONS_LINIA.fid--64d2c1cd_17fdec435f4_4477,329,10432,932,6660932,103,932,Onze de Setembre,2,11,104,L10N,13,1,La Sagrera - Gorg,La Sagrera,Gorg,1,Accessible,2,Planificat,2010-06-26,2022-03-31,00A6D6,L9NL10N,L9NL10N,POINT (2.193564024441589 41.429558827612226)
ESTACIONS_LINIA.fid--64d2c1cd_17fdec435f4_4478,330,10433,933,6660933,104,933,Bon Pastor,3,11,104,L10N,13,1,La Sagrera - Gorg,La Sagrera,Gorg,1,Accessible,2,Planificat,2010-04-18,2022-03-31,00A6D6,L9NL10N,L9NL10N,POINT (2.2052943593324428 41.43620276671675)
ESTACIONS_LINIA.fid--64d2c1cd_17fdec435f4_4479,41,10434,934,6660934,105,934,Llefià,4,11,104,L10N,13,1,La Sagrera - Gorg,La Sagrera,Gorg,1,Accessible,2,Planificat,2010-04-18,2022-03-31,00A6D6,L10N,L10N,POINT (2.216906383705608 41.441359580549786)
ESTACIONS_LINIA.fid--64d2c1cd_17fdec435f4_447a,42,10435,935,6660935,106,935,La Salut,5,11,104,L10N,13,1,La Sagrera - Gorg,La Sagrera,Gorg,1,Accessible,2,Planificat,2010-04-18,2022-03-31,00A6D6,L10N,L10N,POINT (2.224737073931071 41.442817097125406)
ESTACIONS_LINIA.fid--64d2c1cd_17fdec435f4_447b,43,10436,225,6660225,130,936,Gorg,6,11,104,L10N,13,1,La Sagrera - Gorg,La Sagrera,Gorg,1,Accessible,2,Planificat,2010-04-18,2022-03-31,00A6D6,L10N,L2L10N,POINT (2.2338915631575107 41.44044324369498)
ESTACIONS_LINIA.fid--64d2c1cd_17fdec435f4_447c,501,1051,951,6660951,332,951,ZAL | Riu Vell,1,13,101,L10S,14,1,ZAL | Riu Vell - Collblanc,ZAL | Riu Vell,Collblanc,1,Accessible,1,Operatiu,2021-11-07,2022-03-31,00A6D6,L10S,L10S,POINT (2.1330954281444714 41.323705867524254)
ESTACIONS_LINIA.fid--64d2c1cd_17fdec435f4_447d,502,1052,952,6660952,333,952,Ecoparc,2,13,101,L10S,14,1,ZAL | Riu Vell - Collblanc,ZAL | Riu Vell,Collblanc,1,Accessible,1,Operatiu,2021-11-07,2022-03-31,00A6D6,L10S,L10S,POINT (2.1370711814490084 41.33015871130138)
ESTACIONS_LINIA.fid--64d2c1cd_17fdec435f4_447e,503,1053,953,6660953,334,953,Port Comercial | La Factoria,3,13,101,L10S,14,1,ZAL | Riu Vell - Collblanc,ZAL | Riu Vell,Collblanc,1,Accessible,1,Operatiu,2021-11-07,2022-03-31,00A6D6,L10S,L10S,POINT (2.1406572348295043 41.335983045353615)
ESTACIONS_LINIA.fid--64d2c1cd_17fdec435f4_447f,504,1054,954,6660954,335,954,Zona Franca,4,13,101,L10S,14,1,ZAL | Riu Vell - Collblanc,ZAL | Riu Vell,Collblanc,1,Accessible,1,Operatiu,2020-02-01,2022-03-31,00A6D6,L10S,L10S,POINT (2.144964431606467 41.34297610170164)
ESTACIONS_LINIA.fid--64d2c1cd_17fdec435f4_4480,505,1056,956,6660956,337,956,Foc,5,13,101,L10S,14,1,ZAL | Riu Vell - Collblanc,ZAL | Riu Vell,Collblanc,1,Accessible,1,Operatiu,2018-09-08,2022-03-31,00A6D6,L10S,L10S,POINT (2.1418043174739214 41.35616086809139)
ESTACIONS_LINIA.fid--64d2c1cd_17fdec435f4_4481,506,1057,957,6660957,338,957,Foneria,6,13,101,L10S,14,1,ZAL | Riu Vell - Collblanc,ZAL | Riu Vell,Collblanc,1,Accessible,1,Operatiu,2018-09-08,2022-03-31,00A6D6,L10S,L10S,POINT (2.1382289088556874 41.3610992396304)
ESTACIONS_LINIA.fid--64d2c1cd_17fdec435f4_4482,507,1058,958,6660958,339,958,Ciutat de la Justícia,7,13,101,L10S,14,1,ZAL | Riu Vell - Collblanc,ZAL | Riu Vell,Collblanc,1,Accessible,1,Operatiu,2019-11-23,2022-03-31,00A6D6,L10S,L10S,POINT (2.1323149668540133 41.36313727354129)
ESTACIONS_LINIA.fid--64d2c1cd_17fdec435f4_4483,508,1059,959,6660959,340,959,Provençana,8,13,101,L10S,14,1,ZAL | Riu Vell - Collblanc,ZAL | Riu Vell,Collblanc,1,Accessible,1,Operatiu,2019-03-02,2022-03-31,00A6D6,L10S,L10S,POINT (2.124099793279222 41.36135378238542)
ESTACIONS_LINIA.fid--64d2c1cd_17fdec435f4_4484,509,1014,914,6660914,326,914,Can Tries | Gornal,9,13,101,L10S,14,1,ZAL | Riu Vell - Collblanc,ZAL | Riu Vell,Collblanc,1,Accessible,1,Operatiu,2016-02-13,2022-03-31,00A6D6,L9SL10S,L9SL10S,POINT (2.117992580878504 41.36089363267124)
ESTACIONS_LINIA.fid--64d2c1cd_17fdec435f4_4485,510,1015,117,6660117,328,915,Torrassa,10,13,101,L10S,14,1,ZAL | Riu Vell - Collblanc,ZAL | Riu Vell,Collblanc,1,Accessible,1,Operatiu,2016-02-13,2022-03-31,00A6D6,L9SL10S,L1L9SL10S,POINT (2.115756109944362 41.36822261856938)
ESTACIONS_LINIA.fid--64d2c1cd_17fdec435f4_4486,511,1016,515,6660515,329,916,Collblanc,11,13,101,L10S,14,1,ZAL | Riu Vell - Collblanc,ZAL | Riu Vell,Collblanc,1,Accessible,1,Operatiu,2016-02-13,2022-03-31,00A6D6,L9SL10S,L5L9SL10S,POINT (2.11839717448588 41.37605647512773)
ESTACIONS_LINIA.fid--64d2c1cd_17fdec435f4_4487,151,1136,339,6660339,65,1136,Trinitat Nova,1,7,11,L11,15,1,Trinitat Nova - Can Cuiàs,Trinitat Nova,Can Cuiàs,1,Accessible,1,Operatiu,2003-12-15,2022-03-31,89B94C,L11,L3L4L11,POINT (2.1823657384539725 41.4491997342822)
ESTACIONS_LINIA.fid--64d2c1cd_17fdec435f4_4488,146,1137,1137,6661137,60,1137,Casa de l'Aigua,2,7,11,L11,15,1,Trinitat Nova - Can Cuiàs,Trinitat Nova,Can Cuiàs,1,Accessible,1,Operatiu,2003-12-15,2022-03-31,89B94C,L11,L11,POINT (2.1848396459573656 41.451277844017426)
ESTACIONS_LINIA.fid--64d2c1cd_17fdec435f4_4489,88,1138,1138,6661138,2,1138,Torre Baró | Vallbona,3,7,11,L11,15,1,Trinitat Nova - Can Cuiàs,Trinitat Nova,Can Cuiàs,1,Accessible,1,Operatiu,2003-12-15,2022-03-31,89B94C,L11,L11,POINT (2.1798835778205032 41.45919574810995)
ESTACIONS_LINIA.fid--64d2c1cd_17fdec435f4_448a,203,1139,1139,6661139,126,1139,Ciutat Meridiana,4,7,11,L11,15,1,Trinitat Nova - Can Cuiàs,Trinitat Nova,Can Cuiàs,1,Accessible,1,Operatiu,2003-12-15,2022-03-31,89B94C,L11,L11,POINT (2.174649879224937 41.46080820561607)
ESTACIONS_LINIA.fid--64d2c1cd_17fdec435f4_448b,87,1140,1140,6661140,1,1140,Can Cuiàs,5,7,11,L11,15,1,Trinitat Nova - Can Cuiàs,Trinitat Nova,Can Cuiàs,1,Accessible,1,Operatiu,2003-12-15,2022-03-31,89B94C,L11,L11,POINT (2.173059363097836 41.46241309910048)
ESTACIONS_LINIA.fid--64d2c1cd_17fdec435f4_448c,97,9901,210,6660210,11,9901,Paral·lel,1,1,99,FM,16,1,Paral·lel - Parc de Montjuïc,Paral·lel,Parc de Montjuïc,1,Accessible,1,Operatiu,1928-10-24,2022-03-31,004C38,FM,L2L3FM,POINT (2.168853176999821 41.37384752700368)
ESTACIONS_LINIA.fid--64d2c1cd_17fdec435f4_448d,98,9902,9902,6669902,12,9902,Parc de Montjuïc,2,1,99,FM,16,1,Paral·lel - Parc de Montjuïc,Paral·lel,Parc de Montjuïc,1,Accessible,1,Operatiu,1928-10-24,2022-03-31,004C38,FM,FM,POINT (2.163268768163695 41.36895607486559)
